"summarise","sample","tidy","size"
2.6762365,3.251522,4.6189005,1
7.180044,11.137904,10.7395825,3
13.2325055,20.535924,72.3553065,5
