"summarise","sample","tidy","size"
14.9647075,3.3302995,4.1253535,1
41.745605,10.8296455,9.911215,3
73.22868,20.0463995,69.619552,5
